Name,Email
John.Doe,john.doe@example.com
Jane.Smith,jane.smith@example.com
Alice.Johnson,alice.johnson@example.com
Bob.Brown,bob.brown@example.com
Hamza.Ayman,hamza.ayman@example.com
Hamza.Sabry,hamza.sabry@example.com
Hamza.Sabry,hamza.sabry@example.com
Hamza.Sabry,hamza.sabry@example.com
Hamza.Sabry,hamza.sabry@example.com
Hamza.Sabry,hamza.sabry@example.com
Hamza.Sabry,hamza.sabry@example.com
Hamza.Sabry,hamza.sabry@example.com
Hamza.Sabry,hamza.sabry@example.com
Hamza.Sabry,hamza.sabry@example.com
Hamza.Sabry,hamza.sabry@example.com
Hamza.Ayman,hamza.ayman@example.com
Ahmed.Mohamed,ahmed.mohamed@example.com
Ahmed.Mohamed,ahmed.mohamed@example.com
Ahmed.Mohamed,ahmed.mohamed@example.com
